{
  "Glucose": [
    55.15756186389424,
    215.7986284089949
  ],
  "Cholesterol": [
    77.05516259550092,
    320.2677124913181
  ],
  "Hemoglobin": [
    11.322479946197245,
    18.714726090810448
  ],
  "Platelets": [
    120000.0,
    480000.0
  ],
  "White Blood Cells": [
    3208.346865670574,
    11792.4029035441
  ],
  "Red Blood Cells": [
    3.8,
    6.2
  ],
  "Hematocrit": [
    34.17455969270247,
    53.62049457339069
  ],
  "Mean Corpuscular Volume": [
    77.56571404241215,
    102.03948054159889
  ],
  "Mean Corpuscular Hemoglobin": [
    26.31113344908862,
    33.687082747518375
  ],
  "Mean Corpuscular Hemoglobin Concentration": [
    31.6,
    36.4
  ],
  "Insulin": [
    -0.6424771227770996,
    27.657196350377045
  ],
  "BMI": [
    12.455957206632371,
    42.98447072704391
  ],
  "Systolic Blood Pressure": [
    80.83868339450609,
    190.77448266043302
  ],
  "Diastolic Blood Pressure": [
    55.95023936234803,
    104.5473670141717
  ],
  "Triglycerides": [
    -0.6384647239034535,
    550.5828672253004
  ],
  "HbA1c": [
    3.0705987208771313,
    12.811763752647533
  ],
  "LDL Cholesterol": [
    32.95163578171696,
    218.14698932403093
  ],
  "HDL Cholesterol": [
    24.217191386116365,
    85.07116441944396
  ],
  "ALT": [
    1.1699483148629195,
    62.241278745808856
  ],
  "AST": [
    6.43032396580432,
    43.46215476620331
  ],
  "Heart Rate": [
    44.271578766800026,
    105.7436257021702
  ],
  "Creatinine": [
    0.513817146714391,
    1.3857020240766695
  ],
  "Troponin": [
    0,
    0.0445698703108637
  ],
  "C-reactive Protein": [
    0,
    11.212514354559499
  ]
}